freq,mut,pos
1.0000,C,160
1.0000,T,161
1.0000,T,162
1.0000,A,163
1.0000,A,164
1.0000,C,165
1.0000,T,166
1.0000,T,167
1.0000,C,168
1.0000,C,169
1.0000,C,170
1.0000,T,171
1.0000,C,172
1.0000,A,173
1.0000,A,174
1.0000,A,175
1.0000,T,176
1.0000,C,177
1.0000,A,178
1.0000,C,179
1.0000,T,180
1.0000,C,181
1.0000,T,182
1.0000,T,183
1.0000,T,184
1.0000,G,185
1.0000,G,186
1.0000,C,187
1.0000,A,188
1.0000,A,189
1.0000,C,190
1.0000,G,191
1.0000,A,192
1.0000,C,193
1.0000,C,194
1.0000,C,195
1.0000,G,196
1.0000,T,197
1.0000,A,198
1.0000,G,199
1.0000,T,200
1.0000,C,201
1.0000,G,202
1.0000,C,203
1.0000,C,204
1.0000,A,205
1.0000,T,206
0.9800,A,207
0.0200,A,207
1.0000,A,208
1.0000,A,209
1.0000,A,210
1.0000,G,211
1.0000,T,212
1.0000,A,213
1.0000,A,214
1.0000,A,215
1.0000,G,216
1.0000,G,217
1.0000,G,218
1.0000,A,219
1.0000,C,220
1.0000,A,221
1.0000,G,222
1.0000,C,223
1.0000,T,224
1.0000,A,225
1.0000,A,226
1.0000,T,227
1.0000,G,228
1.0000,G,229
1.0000,A,230
1.0000,A,231
1.0000,G,232
1.0000,C,233
1.0000,T,234
1.0000,T,235
1.0000,T,236
1.0000,A,237
1.0000,T,238
1.0000,T,239
1.0000,A,240
1.0000,G,241
1.0000,A,242
1.0000,C,243
1.0000,A,244
1.0000,C,245
1.0000,A,246
1.0000,G,247
1.0000,G,248
1.0000,A,249
1.0000,G,250
1.0000,C,251
1.0000,A,252
1.0000,G,253
1.0000,A,254
1.0000,T,255
1.0000,G,256
1.0000,A,257
1.0000,T,258
1.0000,A,259
1.0000,C,260
1.0000,A,261
1.0000,G,262
1.0000,T,263
1.0000,A,264
1.0000,T,265
1.0000,T,266
1.0000,A,267
1.0000,G,268
1.0000,A,269
1.0000,A,270
1.0000,G,271
1.0000,A,272
1.0000,C,273
0.9754,A,274
0.0246,A,274
1.0000,T,275
1.0000,A,276
1.0000,A,277
1.0000,A,278
1.0000,T,279
1.0000,T,280
1.0000,T,281
1.0000,G,282
1.0000,C,283
1.0000,C,284
1.0000,A,285
1.0000,G,286
1.0000,G,287
1.0000,A,288
1.0000,A,289
1.0000,A,290
1.0000,T,291
1.0000,T,292
1.0000,G,293
1.0000,G,294
1.0000,A,295
1.0000,A,296
1.0000,A,297
1.0000,C,298
1.0000,C,299
1.0000,A,300
1.0000,A,301
1.0000,A,302
1.0000,A,303
1.0000,A,304
1.0000,T,305
1.0000,G,306
1.0000,A,307
1.0000,T,308
1.0000,A,309
1.0000,G,310
1.0000,G,311
1.0000,G,312
1.0000,G,313
1.0000,G,314
1.0000,A,315
1.0000,A,316
1.0000,T,317
1.0000,T,318
1.0000,G,319
1.0000,G,320
1.0000,A,321
1.0000,G,322
1.0000,G,323
1.0000,T,324
1.0000,T,325
1.0000,T,326
1.0000,T,327
1.0000,A,328
1.0000,T,329
1.0000,C,330
1.0000,A,331
1.0000,A,332
1.0000,A,333
1.0000,G,334
1.0000,T,335
1.0000,A,336
1.0000,A,337
1.0000,G,338
1.0000,A,339
1.0000,C,340
1.0000,A,341
1.0000,G,342
1.0000,T,343
1.0000,A,344
1.0000,T,345
1.0000,G,346
1.0000,A,347
1.0000,T,348
1.0000,C,349
1.0000,A,350
1.0000,G,351
1.0000,A,352
1.0000,T,353
1.0000,A,354
1.0000,A,355
1.0000,C,356
1.0000,C,357
1.0000,A,358
1.0000,T,359
1.0000,A,360
1.0000,G,361
1.0000,A,362
1.0000,A,363
1.0000,A,364
1.0000,T,365
1.0000,C,366
1.0000,T,367
1.0000,G,368
1.0000,T,369
1.0000,G,370
1.0000,G,371
1.0000,A,372
1.0000,C,373
1.0000,A,374
1.0000,T,375
1.0000,A,376
1.0000,A,377
1.0000,A,378
1.0000,G,379
1.0000,C,380
1.0000,T,381
1.0000,A,382
1.0000,C,383
1.0000,A,384
1.0000,G,385
1.0000,G,386
1.0000,A,387
1.0000,A,388
1.0000,C,389
1.0000,A,390
1.0000,G,391
1.0000,T,392
1.0000,A,393
1.0000,T,394
1.0000,T,395
1.0000,A,396
1.0000,G,397
1.0000,T,398
1.0000,A,399
1.0000,G,400
1.0000,G,401
1.0000,A,402
1.0000,C,403
1.0000,C,404
1.0000,T,405
1.0000,A,406
1.0000,C,407
1.0000,C,408
1.0000,C,409
1.0000,C,410
1.0000,T,411
1.0000,G,412
1.0000,T,413
1.0000,C,414
1.0000,A,415
1.0000,A,416
1.0000,C,417
1.0000,A,418
1.0000,T,419
1.0000,A,420
1.0000,A,421
1.0000,T,422
1.0000,T,423
1.0000,G,424
1.0000,G,425
1.0000,A,426
1.0000,A,427
0.9271,G,428
0.0482,A,428
0.0247,G,428
1.0000,A,429
1.0000,A,430
1.0000,A,431
1.0000,T,432
1.0000,C,433
1.0000,T,434
1.0000,G,435
1.0000,T,436
1.0000,T,437
1.0000,G,438
1.0000,A,439
1.0000,C,440
1.0000,T,441
1.0000,C,442
1.0000,A,443
1.0000,G,444
0.5368,C,445
0.4632,A,445
1.0000,T,446
1.0000,T,447
1.0000,G,448
1.0000,G,449
0.5468,G,450
0.4532,A,450
1.0000,T,451
1.0000,G,452
1.0000,C,453
1.0000,A,454
1.0000,C,455
1.0000,T,456
1.0000,T,457
1.0000,T,458
1.0000,A,459
1.0000,A,460
1.0000,A,461
1.0000,T,462
1.0000,T,463
1.0000,T,464
1.0000,T,465
1.0000,C,466
1.0000,C,467
1.0000,C,468
0.9771,A,469
0.0229,C,469
1.0000,T,470
1.0000,T,471
1.0000,A,472
1.0000,G,473
1.0000,T,474
1.0000,C,475
1.0000,C,476
1.0000,T,477
1.0000,A,478
1.0000,T,479
1.0000,T,480
1.0000,G,481
1.0000,A,482
1.0000,A,483
1.0000,A,484
1.0000,C,485
1.0000,T,486
1.0000,G,487
1.0000,T,488
1.0000,A,489
1.0000,C,490
1.0000,C,491
1.0000,A,492
1.0000,G,493
1.0000,T,494
1.0000,A,495
1.0000,A,496
1.0000,A,497
1.0000,A,498
1.0000,T,499
1.0000,T,500
1.0000,A,501
1.0000,A,502
1.0000,A,503
1.0000,G,504
1.0000,C,505
1.0000,C,506
1.0000,A,507
1.0000,G,508
1.0000,G,509
1.0000,A,510
1.0000,A,511
1.0000,T,512
1.0000,G,513
1.0000,G,514
1.0000,A,515
1.0000,T,516
1.0000,G,517
1.0000,G,518
1.0000,C,519
1.0000,C,520
1.0000,C,521
0.5895,G,522
0.4105,A,522
1.0000,A,523
1.0000,A,524
1.0000,A,525
0.5975,A,526
0.4025,G,526
1.0000,T,527
1.0000,T,528
1.0000,A,529
1.0000,A,530
1.0000,A,531
1.0000,C,532
1.0000,A,533
0.5909,G,534
0.4091,A,534
1.0000,T,535
1.0000,G,536
1.0000,G,537
1.0000,C,538
1.0000,C,539
1.0000,A,540
1.0000,T,541
1.0000,T,542
1.0000,G,543
1.0000,A,544
1.0000,C,545
1.0000,A,546
1.0000,G,547
1.0000,C,548
1.0000,A,549
1.0000,G,550
1.0000,A,551
1.0000,A,552
1.0000,A,553
1.0000,A,554
1.0000,A,555
1.0000,A,556
0.9693,T,557
0.0307,T,557
1.0000,A,558
1.0000,A,559
1.0000,A,560
1.0000,A,561
1.0000,G,562
1.0000,C,563
1.0000,A,564
1.0000,T,565
1.0000,T,566
1.0000,A,567
1.0000,A,568
1.0000,C,569
0.9741,A,570
0.0259,G,570
1.0000,G,571
1.0000,A,572
1.0000,A,573
1.0000,A,574
1.0000,T,575
1.0000,T,576
1.0000,T,577
1.0000,G,578
1.0000,T,579
1.0000,A,580
1.0000,C,581
1.0000,A,582
1.0000,G,583
1.0000,A,584
1.0000,A,585
1.0000,A,586
1.0000,T,587
1.0000,G,588
1.0000,G,589
1.0000,A,590
1.0000,A,591
1.0000,A,592
1.0000,A,593
1.0000,G,594
1.0000,G,595
1.0000,A,596
1.0000,A,597
1.0000,G,598
1.0000,G,599
0.9420,A,600
0.0580,G,600
1.0000,A,601
1.0000,A,602
1.0000,A,603
1.0000,A,604
1.0000,T,605
1.0000,T,606
1.0000,T,607
1.0000,C,608
1.0000,A,609
1.0000,A,610
1.0000,G,611
1.0000,A,612
1.0000,A,613
1.0000,T,614
1.0000,T,615
1.0000,G,616
1.0000,G,617
1.0000,A,618
1.0000,C,619
1.0000,C,620
1.0000,T,621
1.0000,G,622
1.0000,A,623
1.0000,A,624
1.0000,A,625
1.0000,A,626
1.0000,T,627
1.0000,C,628
1.0000,C,629
1.0000,A,630
1.0000,T,631
1.0000,A,632
1.0000,T,633
1.0000,A,634
1.0000,A,635
1.0000,T,636
1.0000,A,637
1.0000,C,638
1.0000,T,639
1.0000,C,640
1.0000,C,641
1.0000,A,642
1.0000,A,643
1.0000,T,644
1.0000,A,645
1.0000,T,646
1.0000,T,647
1.0000,T,648
1.0000,G,649
1.0000,C,650
1.0000,C,651
1.0000,A,652
1.0000,T,653
1.0000,A,654
1.0000,A,655
1.0000,A,656
1.0000,G,657
1.0000,A,658
1.0000,A,659
1.0000,A,660
1.0000,A,661
1.0000,A,662
1.0000,A,663
0.9648,G,664
0.0352,A,664
1.0000,A,665
1.0000,C,666
1.0000,A,667
1.0000,G,668
1.0000,T,669
1.0000,A,670
1.0000,C,671
1.0000,T,672
1.0000,A,673
1.0000,A,674
1.0000,A,675
1.0000,T,676
1.0000,G,677
1.0000,G,678
1.0000,A,679
1.0000,G,680
1.0000,A,681
1.0000,A,682
1.0000,A,683
1.0000,A,684
1.0000,T,685
1.0000,T,686
1.0000,A,687
1.0000,G,688
1.0000,T,689
1.0000,A,690
1.0000,G,691
1.0000,A,692
1.0000,T,693
1.0000,T,694
1.0000,T,695
1.0000,C,696
1.0000,A,697
1.0000,G,698
1.0000,A,699
1.0000,G,700
1.0000,A,701
1.0000,A,702
1.0000,C,703
1.0000,T,704
1.0000,T,705
1.0000,A,706
1.0000,A,707
1.0000,T,708
1.0000,A,709
1.0000,A,710
0.5894,A,711
0.4106,G,711
1.0000,A,712
1.0000,G,713
1.0000,A,714
1.0000,A,715
1.0000,C,716
1.0000,T,717
1.0000,C,718
1.0000,A,719
1.0000,A,720
1.0000,G,721
1.0000,A,722
1.0000,C,723
1.0000,T,724
1.0000,T,725
1.0000,C,726
1.0000,T,727
1.0000,G,728
1.0000,G,729
1.0000,G,730
1.0000,A,731
1.0000,A,732
1.0000,G,733
1.0000,T,734
1.0000,C,735
1.0000,C,736
1.0000,A,737
1.0000,G,738
1.0000,T,739
1.0000,T,740
1.0000,A,741
1.0000,G,742
1.0000,G,743
1.0000,A,744
1.0000,A,745
1.0000,T,746
1.0000,A,747
1.0000,C,748
1.0000,C,749
1.0000,A,750
1.0000,C,751
1.0000,A,752
1.0000,T,753
1.0000,C,754
1.0000,C,755
1.0000,C,756
1.0000,T,757
1.0000,C,758
1.0000,A,759
1.0000,G,760
1.0000,G,761
1.0000,G,762
1.0000,T,763
1.0000,T,764
1.0000,A,765
1.0000,C,766
1.0000,A,767
1.0000,A,768
1.0000,A,769
1.0000,A,770
1.0000,G,771
1.0000,A,772
1.0000,G,773
1.0000,A,774
1.0000,A,775
1.0000,A,776
1.0000,A,777
1.0000,T,778
1.0000,C,779
1.0000,A,780
1.0000,G,781
1.0000,T,782
1.0000,A,783
1.0000,A,784
1.0000,C,785
1.0000,A,786
1.0000,G,787
1.0000,T,788
1.0000,A,789
1.0000,C,790
1.0000,T,791
1.0000,G,792
1.0000,G,793
1.0000,A,794
1.0000,T,795
1.0000,G,796
1.0000,T,797
1.0000,G,798
1.0000,G,799
1.0000,G,800
1.0000,T,801
1.0000,G,802
1.0000,A,803
1.0000,T,804
1.0000,G,805
1.0000,C,806
1.0000,A,807
1.0000,T,808
1.0000,A,809
1.0000,T,810
1.0000,T,811
1.0000,T,812
1.0000,T,813
1.0000,T,814
1.0000,C,815
1.0000,A,816
1.0000,G,817
1.0000,T,818
1.0000,T,819
1.0000,C,820
1.0000,C,821
1.0000,C,822
1.0000,T,823
1.0000,T,824
1.0000,A,825
1.0000,G,826
1.0000,A,827
1.0000,T,828
1.0000,G,829
1.0000,A,830
1.0000,G,831
1.0000,G,832
1.0000,A,833
1.0000,C,834
1.0000,T,835
1.0000,T,836
1.0000,C,837
1.0000,A,838
1.0000,G,839
0.6254,G,840
0.3746,A,840
1.0000,A,841
1.0000,A,842
1.0000,G,843
1.0000,T,844
1.0000,A,845
1.0000,T,846
1.0000,A,847
1.0000,C,848
1.0000,T,849
1.0000,G,850
1.0000,C,851
1.0000,A,852
1.0000,T,853
1.0000,T,854
1.0000,T,855
1.0000,A,856
1.0000,C,857
1.0000,C,858
1.0000,A,859
1.0000,T,860
1.0000,A,861
1.0000,C,862
1.0000,C,863
1.0000,T,864
1.0000,A,865
1.0000,G,866
1.0000,T,867
1.0000,A,868
1.0000,C,869
1.0000,A,870
1.0000,A,871
1.0000,A,872
1.0000,C,873
1.0000,A,874
1.0000,A,875
1.0000,T,876
1.0000,G,877
1.0000,A,878
1.0000,G,879
1.0000,A,880
1.0000,C,881
1.0000,A,882
1.0000,C,883
1.0000,C,884
1.0000,A,885
1.0000,G,886
1.0000,G,887
1.0000,G,888
1.0000,A,889
1.0000,T,890
1.0000,T,891
1.0000,A,892
1.0000,G,893
1.0000,A,894
1.0000,T,895
1.0000,A,896
1.0000,T,897
1.0000,C,898
1.0000,A,899
1.0000,G,900
1.0000,T,901
1.0000,A,902
1.0000,C,903
1.0000,A,904
1.0000,A,905
1.0000,T,906
1.0000,G,907
1.0000,T,908
1.0000,G,909
1.0000,C,910
1.0000,T,911
1.0000,T,912
1.0000,C,913
1.0000,C,914
1.0000,A,915
1.0000,C,916
1.0000,A,917
1.0000,G,918
1.0000,G,919
1.0000,G,920
1.0000,A,921
1.0000,T,922
1.0000,G,923
1.0000,G,924
1.0000,A,925
1.0000,A,926
1.0000,A,927
1.0000,G,928
1.0000,G,929
1.0000,A,930
1.0000,T,931
1.0000,C,932
1.0000,A,933
1.0000,C,934
1.0000,C,935
1.0000,A,936
1.0000,G,937
1.0000,C,938
1.0000,A,939
1.0000,G,940
1.0000,T,941
1.0000,A,942
1.0000,T,943
1.0000,T,944
1.0000,C,945
1.0000,C,946
1.0000,A,947
1.0000,A,948
1.0000,A,949
1.0000,G,950
1.0000,T,951
1.0000,A,952
1.0000,G,953
1.0000,C,954
1.0000,A,955
1.0000,T,956
1.0000,G,957
1.0000,A,958
1.0000,C,959
1.0000,A,960
1.0000,A,961
1.0000,A,962
1.0000,A,963
1.0000,A,964
1.0000,T,965
1.0000,C,966
1.0000,T,967
1.0000,T,968
1.0000,A,969
1.0000,G,970
1.0000,A,971
1.0000,G,972
1.0000,C,973
1.0000,C,974
1.0000,T,975
1.0000,T,976
1.0000,T,977
1.0000,T,978
1.0000,A,979
1.0000,G,980
1.0000,A,981
1.0000,A,982
1.0000,A,983
1.0000,A,984
1.0000,C,985
1.0000,A,986
1.0000,A,987
1.0000,A,988
1.0000,A,989
1.0000,T,990
1.0000,C,991
1.0000,C,992
1.0000,A,993
1.0000,G,994
1.0000,A,995
1.0000,C,996
1.0000,A,997
1.0000,T,998
1.0000,A,999
1.0000,G,1000
1.0000,T,1001
1.0000,T,1002
1.0000,A,1003
1.0000,T,1004
1.0000,T,1005
1.0000,T,1006
1.0000,A,1007
1.0000,T,1008
1.0000,C,1009
1.0000,A,1010
1.0000,A,1011
1.0000,T,1012
1.0000,A,1013
1.0000,T,1014
1.0000,A,1015
1.0000,T,1016
1.0000,G,1017
1.0000,G,1018
1.0000,A,1019
1.0000,T,1020
1.0000,G,1021
1.0000,A,1022
1.0000,T,1023
1.0000,T,1024
1.0000,T,1025
1.0000,G,1026
1.0000,T,1027
1.0000,A,1028
1.0000,T,1029
1.0000,G,1030
1.0000,T,1031
1.0000,A,1032
1.0000,G,1033
1.0000,G,1034
1.0000,A,1035
1.0000,T,1036
1.0000,C,1037
1.0000,T,1038
0.5644,A,1039
0.4356,G,1039
1.0000,A,1040
1.0000,C,1041
1.0000,T,1042
1.0000,T,1043
1.0000,A,1044
1.0000,G,1045
1.0000,A,1046
1.0000,A,1047
1.0000,A,1048
1.0000,T,1049
1.0000,A,1050
1.0000,G,1051
1.0000,G,1052
1.0000,A,1053
1.0000,C,1054
1.0000,A,1055
1.0000,G,1056
1.0000,C,1057
1.0000,A,1058
1.0000,T,1059
1.0000,A,1060
1.0000,G,1061
1.0000,A,1062
1.0000,A,1063
1.0000,T,1064
1.0000,A,1065
1.0000,A,1066
1.0000,A,1067
0.9682,A,1068
0.0318,G,1068
0.5687,A,1069
0.4313,G,1069
1.0000,T,1070
1.0000,A,1071
1.0000,G,1072
1.0000,A,1073
1.0000,G,1074
1.0000,G,1075
1.0000,A,1076
1.0000,A,1077
1.0000,C,1078
1.0000,T,1079
1.0000,G,1080
1.0000,A,1081
1.0000,G,1082
1.0000,A,1083
1.0000,C,1084
1.0000,A,1085
1.0000,A,1086
1.0000,C,1087
1.0000,A,1088
1.0000,T,1089
1.0000,C,1090
1.0000,T,1091
1.0000,G,1092
1.0000,T,1093
1.0000,T,1094
1.0000,G,1095
1.0000,A,1096
1.0000,G,1097
1.0000,G,1098
1.0000,T,1099
1.0000,G,1100
1.0000,G,1101
1.0000,G,1102
1.0000,G,1103
1.0000,A,1104
1.0000,C,1105
1.0000,T,1106
0.9347,G,1107
0.0653,A,1107
1.0000,A,1108
1.0000,C,1109
1.0000,C,1110
1.0000,A,1111
1.0000,C,1112
1.0000,A,1113
1.0000,C,1114
1.0000,C,1115
1.0000,A,1116
1.0000,G,1117
1.0000,A,1118
1.0000,C,1119
1.0000,A,1120
1.0000,A,1121
1.0000,A,1122
1.0000,A,1123
1.0000,A,1124
1.0000,G,1125
1.0000,C,1126
1.0000,A,1127
1.0000,T,1128
1.0000,C,1129
1.0000,A,1130
1.0000,G,1131
1.0000,A,1132
1.0000,A,1133
1.0000,A,1134
1.0000,G,1135
1.0000,A,1136
0.9393,A,1137
0.0607,G,1137
1.0000,C,1138
1.0000,C,1139
1.0000,T,1140
1.0000,C,1141
1.0000,C,1142
1.0000,A,1143
1.0000,T,1144
1.0000,T,1145
1.0000,C,1146
0.9588,C,1147
0.0412,T,1147
1.0000,T,1148
1.0000,T,1149
1.0000,T,1150
1.0000,G,1151
1.0000,G,1152
1.0000,A,1153
1.0000,T,1154
1.0000,G,1155
1.0000,G,1156
1.0000,G,1157
1.0000,T,1158
1.0000,T,1159
1.0000,A,1160
1.0000,T,1161
1.0000,G,1162
1.0000,A,1163
1.0000,A,1164
1.0000,C,1165
1.0000,T,1166
1.0000,C,1167
1.0000,C,1168
1.0000,A,1169
1.0000,T,1170
1.0000,C,1171
1.0000,C,1172
1.0000,T,1173
1.0000,G,1174
1.0000,A,1175
1.0000,T,1176
1.0000,A,1177
1.0000,A,1178
0.5685,G,1179
0.4315,A,1179
1.0000,T,1180
1.0000,G,1181
1.0000,G,1182
1.0000,A,1183
1.0000,C,1184
1.0000,A,1185
1.0000,G,1186
1.0000,T,1187
1.0000,A,1188
1.0000,C,1189
1.0000,A,1190
1.0000,G,1191
1.0000,C,1192
1.0000,C,1193
1.0000,T,1194
1.0000,A,1195
1.0000,T,1196
1.0000,A,1197
1.0000,G,1198
1.0000,T,1199
1.0000,G,1200
1.0000,T,1201
1.0000,T,1202
1.0000,G,1203
1.0000,C,1204
1.0000,C,1205
1.0000,A,1206
1.0000,G,1207
1.0000,A,1208
1.0000,A,1209
1.0000,A,1210
1.0000,A,1211
1.0000,A,1212
1.0000,G,1213
1.0000,A,1214
1.0000,T,1215
1.0000,A,1216
1.0000,G,1217
1.0000,C,1218
1.0000,T,1219
1.0000,G,1220
1.0000,G,1221
1.0000,A,1222
1.0000,C,1223
1.0000,T,1224
1.0000,G,1225
1.0000,T,1226
1.0000,C,1227
1.0000,A,1228
1.0000,A,1229
1.0000,T,1230
1.0000,G,1231
1.0000,A,1232
1.0000,T,1233
1.0000,A,1234
1.0000,T,1235
1.0000,A,1236
0.9836,C,1237
0.0164,T,1237
1.0000,A,1238
1.0000,G,1239
1.0000,A,1240
1.0000,A,1241
1.0000,G,1242
1.0000,T,1243
1.0000,T,1244
1.0000,A,1245
1.0000,G,1246
1.0000,T,1247
1.0000,G,1248
1.0000,G,1249
1.0000,G,1250
1.0000,A,1251
1.0000,A,1252
1.0000,A,1253
1.0000,A,1254
1.0000,T,1255
1.0000,T,1256
1.0000,A,1257
1.0000,A,1258
1.0000,A,1259
1.0000,T,1260
1.0000,T,1261
1.0000,G,1262
1.0000,G,1263
1.0000,G,1264
1.0000,C,1265
1.0000,A,1266
1.0000,A,1267
1.0000,G,1268
1.0000,T,1269
1.0000,C,1270
1.0000,A,1271
1.0000,A,1272
1.0000,A,1273
1.0000,T,1274
1.0000,T,1275
1.0000,T,1276
1.0000,A,1277
1.0000,C,1278
1.0000,C,1279
1.0000,C,1280
1.0000,A,1281
1.0000,G,1282
1.0000,G,1283
0.6525,G,1284
0.3475,A,1284
1.0000,A,1285
1.0000,T,1286
1.0000,T,1287
1.0000,A,1288
1.0000,A,1289
1.0000,A,1290
1.0000,G,1291
1.0000,T,1292
1.0000,A,1293
1.0000,A,1294
1.0000,G,1295
1.0000,G,1296
1.0000,C,1297
1.0000,A,1298
1.0000,A,1299
1.0000,T,1300
1.0000,T,1301
1.0000,A,1302
1.0000,T,1303
1.0000,G,1304
1.0000,T,1305
1.0000,A,1306
1.0000,A,1307
1.0000,A,1308
1.0000,C,1309
1.0000,T,1310
1.0000,C,1311
1.0000,C,1312
1.0000,T,1313
1.0000,A,1314
1.0000,A,1315
1.0000,G,1316
1.0000,A,1317
1.0000,G,1318
1.0000,G,1319
1.0000,A,1320
1.0000,A,1321
1.0000,C,1322
1.0000,C,1323
1.0000,A,1324
1.0000,A,1325
1.0000,G,1326
1.0000,G,1327
1.0000,C,1328
0.9733,A,1329
0.0267,G,1329
1.0000,C,1330
1.0000,T,1331
1.0000,A,1332
1.0000,A,1333
1.0000,C,1334
1.0000,A,1335
1.0000,G,1336
1.0000,A,1337
1.0000,A,1338
1.0000,G,1339
1.0000,T,1340
1.0000,A,1341
1.0000,A,1342
1.0000,T,1343
1.0000,A,1344
1.0000,T,1345
1.0000,C,1346
1.0000,A,1347
1.0000,C,1348
1.0000,T,1349
1.0000,A,1350
1.0000,A,1351
1.0000,C,1352
1.0000,A,1353
1.0000,G,1354
1.0000,A,1355
1.0000,A,1356
1.0000,G,1357
1.0000,A,1358
1.0000,A,1359
1.0000,G,1360
1.0000,C,1361
1.0000,A,1362
1.0000,G,1363
1.0000,A,1364
1.0000,G,1365
0.9693,C,1366
0.0307,T,1366
1.0000,T,1367
1.0000,A,1368
1.0000,G,1369
1.0000,A,1370
1.0000,A,1371
1.0000,C,1372
1.0000,T,1373
1.0000,G,1374
1.0000,G,1375
1.0000,C,1376
1.0000,A,1377
1.0000,G,1378
1.0000,A,1379
1.0000,A,1380
1.0000,A,1381
1.0000,A,1382
1.0000,C,1383
1.0000,A,1384
1.0000,G,1385
1.0000,G,1386
1.0000,G,1387
1.0000,A,1388
1.0000,A,1389
1.0000,A,1390
1.0000,T,1391
1.0000,T,1392
1.0000,T,1393
1.0000,T,1394
1.0000,A,1395
1.0000,A,1396
1.0000,A,1397
1.0000,A,1398
1.0000,G,1399
1.0000,A,1400
1.0000,G,1401
1.0000,C,1402
1.0000,C,1403
1.0000,A,1404
1.0000,G,1405
1.0000,T,1406
1.0000,A,1407
1.0000,C,1408
1.0000,A,1409
1.0000,T,1410
1.0000,G,1411
1.0000,G,1412
1.0000,A,1413
1.0000,G,1414
1.0000,T,1415
1.0000,G,1416
1.0000,T,1417
1.0000,A,1418
1.0000,T,1419
1.0000,T,1420
1.0000,A,1421
1.0000,T,1422
1.0000,G,1423
1.0000,A,1424
1.0000,C,1425
1.0000,C,1426
1.0000,C,1427
1.0000,C,1428
1.0000,T,1429
1.0000,C,1430
1.0000,A,1431
1.0000,A,1432
1.0000,A,1433
1.0000,G,1434
1.0000,G,1435
1.0000,A,1436
1.0000,T,1437
1.0000,T,1438
1.0000,T,1439
1.0000,A,1440
1.0000,A,1441
1.0000,T,1442
1.0000,A,1443
1.0000,G,1444
1.0000,C,1445
1.0000,A,1446
1.0000,G,1447
1.0000,A,1448
1.0000,A,1449
1.0000,A,1450
1.0000,T,1451
1.0000,A,1452
1.0000,C,1453
1.0000,A,1454
1.0000,G,1455
1.0000,A,1456
1.0000,A,1457
1.0000,G,1458
1.0000,C,1459
1.0000,A,1460
1.0000,G,1461
1.0000,G,1462
1.0000,G,1463
1.0000,A,1464
1.0000,A,1465
1.0000,A,1466
1.0000,C,1467
1.0000,G,1468
1.0000,G,1469
1.0000,C,1470
1.0000,C,1471
1.0000,A,1472
1.0000,A,1473
1.0000,T,1474
1.0000,G,1475
1.0000,G,1476
0.9754,A,1477
0.0246,T,1477
1.0000,C,1478
1.0000,A,1479
1.0000,T,1480
1.0000,A,1481
1.0000,T,1482
1.0000,C,1483
1.0000,A,1484
1.0000,A,1485
1.0000,A,1486
1.0000,T,1487
1.0000,T,1488
1.0000,T,1489
1.0000,A,1490
1.0000,T,1491
1.0000,C,1492
1.0000,A,1493
1.0000,A,1494
1.0000,G,1495
1.0000,A,1496
1.0000,G,1497
1.0000,C,1498
1.0000,C,1499
1.0000,A,1500
1.0000,T,1501
1.0000,T,1502
1.0000,T,1503
1.0000,A,1504
1.0000,A,1505
1.0000,A,1506
1.0000,A,1507
1.0000,A,1508
1.0000,T,1509
1.0000,C,1510
1.0000,T,1511
1.0000,G,1512
1.0000,A,1513
1.0000,A,1514
1.0000,A,1515
1.0000,A,1516
1.0000,C,1517
1.0000,A,1518
1.0000,G,1519
1.0000,G,1520
1.0000,A,1521
1.0000,A,1522
1.0000,A,1523
1.0000,G,1524
1.0000,T,1525
1.0000,A,1526
1.0000,T,1527
1.0000,G,1528
1.0000,C,1529
1.0000,A,1530
1.0000,A,1531
1.0000,G,1532
1.0000,A,1533
1.0000,A,1534
1.0000,T,1535
1.0000,G,1536
1.0000,A,1537
1.0000,G,1538
1.0000,G,1539
1.0000,G,1540
1.0000,G,1541
1.0000,T,1542
1.0000,G,1543
1.0000,C,1544
1.0000,C,1545
1.0000,C,1546
1.0000,A,1547
1.0000,C,1548
1.0000,A,1549
1.0000,C,1550
1.0000,T,1551
1.0000,A,1552
1.0000,A,1553
1.0000,T,1554
1.0000,G,1555
1.0000,A,1556
1.0000,T,1557
1.0000,G,1558
1.0000,T,1559
1.0000,A,1560
1.0000,A,1561
1.0000,A,1562
1.0000,A,1563
1.0000,C,1564
1.0000,A,1565
1.0000,A,1566
1.0000,T,1567
1.0000,T,1568
1.0000,A,1569
1.0000,A,1570
1.0000,C,1571
1.0000,A,1572
1.0000,G,1573
1.0000,A,1574
1.0000,G,1575
1.0000,G,1576
1.0000,C,1577
1.0000,A,1578
1.0000,G,1579
1.0000,T,1580
1.0000,G,1581
1.0000,C,1582
1.0000,A,1583
1.0000,A,1584
1.0000,A,1585
1.0000,A,1586
1.0000,A,1587
1.0000,A,1588
1.0000,T,1589
1.0000,A,1590
1.0000,G,1591
1.0000,C,1592
1.0000,C,1593
1.0000,A,1594
1.0000,C,1595
1.0000,A,1596
1.0000,G,1597
1.0000,A,1598
1.0000,A,1599
1.0000,A,1600
1.0000,G,1601
1.0000,C,1602
1.0000,A,1603
1.0000,T,1604
1.0000,A,1605
1.0000,G,1606
1.0000,T,1607
1.0000,A,1608
1.0000,A,1609
1.0000,T,1610
1.0000,A,1611
1.0000,T,1612
1.0000,G,1613
1.0000,G,1614
1.0000,G,1615
1.0000,G,1616
1.0000,A,1617
1.0000,A,1618
1.0000,A,1619
1.0000,G,1620
1.0000,A,1621
1.0000,C,1622
1.0000,T,1623
1.0000,C,1624
1.0000,C,1625
1.0000,T,1626
1.0000,A,1627
1.0000,A,1628
1.0000,A,1629
1.0000,T,1630
1.0000,T,1631
1.0000,T,1632
1.0000,A,1633
1.0000,A,1634
1.0000,A,1635
1.0000,C,1636
1.0000,T,1637
1.0000,A,1638
1.0000,C,1639
1.0000,C,1640
1.0000,C,1641
1.0000,A,1642
1.0000,T,1643
1.0000,A,1644
1.0000,C,1645
1.0000,A,1646
1.0000,A,1647
1.0000,A,1648
1.0000,A,1649
1.0000,A,1650
1.0000,G,1651
1.0000,A,1652
1.0000,A,1653
1.0000,A,1654
1.0000,C,1655
1.0000,A,1656
1.0000,T,1657
1.0000,G,1658
1.0000,G,1659
1.0000,G,1660
1.0000,A,1661
1.0000,A,1662
1.0000,G,1663
1.0000,C,1664
1.0000,A,1665
1.0000,T,1666
1.0000,G,1667
1.0000,G,1668
1.0000,T,1669
1.0000,G,1670
1.0000,G,1671
1.0000,A,1672
1.0000,C,1673
1.0000,A,1674
1.0000,G,1675
1.0000,A,1676
1.0000,G,1677
1.0000,T,1678
1.0000,A,1679
1.0000,T,1680
1.0000,T,1681
1.0000,G,1682
1.0000,G,1683
1.0000,C,1684
1.0000,A,1685
1.0000,A,1686
1.0000,G,1687
1.0000,C,1688
1.0000,C,1689
1.0000,A,1690
1.0000,C,1691
1.0000,C,1692
1.0000,T,1693
1.0000,G,1694
1.0000,G,1695
1.0000,A,1696
1.0000,T,1697
1.0000,T,1698
1.0000,C,1699
1.0000,C,1700
1.0000,T,1701
1.0000,G,1702
1.0000,A,1703
1.0000,G,1704
1.0000,T,1705
1.0000,G,1706
1.0000,G,1707
1.0000,G,1708
1.0000,A,1709
1.0000,G,1710
1.0000,T,1711
1.0000,T,1712
1.0000,T,1713
1.0000,G,1714
1.0000,T,1715
1.0000,C,1716
1.0000,A,1717
1.0000,A,1718
1.0000,T,1719
1.0000,A,1720
1.0000,C,1721
1.0000,C,1722
1.0000,C,1723
1.0000,C,1724
1.0000,T,1725
1.0000,C,1726
1.0000,C,1727
1.0000,C,1728
1.0000,T,1729
1.0000,T,1730
1.0000,A,1731
1.0000,G,1732
1.0000,T,1733
1.0000,G,1734
1.0000,A,1735
1.0000,A,1736
1.0000,A,1737
1.0000,T,1738
1.0000,T,1739
1.0000,A,1740
1.0000,T,1741
1.0000,G,1742
1.0000,G,1743
1.0000,T,1744
1.0000,A,1745
1.0000,C,1746
1.0000,C,1747
1.0000,A,1748
1.0000,G,1749
1.0000,T,1750
1.0000,T,1751
1.0000,A,1752
1.0000,G,1753
1.0000,A,1754
1.0000,G,1755
1.0000,A,1756
1.0000,A,1757
1.0000,A,1758
1.0000,G,1759
1.0000,A,1760
1.0000,A,1761
1.0000,C,1762
1.0000,C,1763
1.0000,C,1764
1.0000,A,1765
1.0000,T,1766
1.0000,A,1767
1.0000,G,1768
1.0000,T,1769
1.0000,A,1770
1.0000,G,1771
1.0000,G,1772
1.0000,A,1773
1.0000,G,1774
1.0000,C,1775
1.0000,A,1776
1.0000,G,1777
1.0000,A,1778
1.0000,A,1779
1.0000,A,1780
1.0000,C,1781
1.0000,T,1782
1.0000,T,1783
1.0000,T,1784
1.0000,C,1785
1.0000,T,1786
1.0000,A,1787
1.0000,T,1788
1.0000,G,1789
1.0000,T,1790
1.0000,A,1791
1.0000,G,1792
1.0000,A,1793
1.0000,T,1794
1.0000,G,1795
1.0000,G,1796
1.0000,G,1797
1.0000,G,1798
1.0000,C,1799
1.0000,A,1800
1.0000,G,1801
1.0000,C,1802
1.0000,T,1803
1.0000,A,1804
1.0000,A,1805
1.0000,T,1806
1.0000,A,1807
1.0000,G,1808
1.0000,G,1809
1.0000,G,1810
1.0000,A,1811
1.0000,G,1812
1.0000,A,1813
1.0000,C,1814
1.0000,T,1815
1.0000,A,1816
1.0000,A,1817
1.0000,A,1818
1.0000,T,1819
1.0000,T,1820
1.0000,A,1821
1.0000,G,1822
1.0000,G,1823
1.0000,A,1824
1.0000,A,1825
1.0000,A,1826
1.0000,A,1827
1.0000,G,1828
1.0000,C,1829
1.0000,A,1830
1.0000,G,1831
1.0000,G,1832
1.0000,A,1833
1.0000,T,1834
1.0000,A,1835
1.0000,T,1836
1.0000,G,1837
1.0000,T,1838
1.0000,T,1839
1.0000,A,1840
1.0000,C,1841
1.0000,T,1842
1.0000,G,1843
1.0000,A,1844
1.0000,C,1845
1.0000,A,1846
1.0000,G,1847
1.0000,A,1848
1.0000,G,1849
1.0000,G,1850
1.0000,A,1851
1.0000,A,1852
1.0000,G,1853
1.0000,A,1854
1.0000,C,1855
1.0000,A,1856
1.0000,A,1857
1.0000,A,1858
1.0000,A,1859
1.0000,A,1860
1.0000,G,1861
1.0000,T,1862
1.0000,T,1863
1.0000,G,1864
1.0000,T,1865
1.0000,C,1866
1.0000,T,1867
1.0000,C,1868
1.0000,C,1869
1.0000,C,1870
1.0000,T,1871
1.0000,A,1872
1.0000,A,1873
1.0000,C,1874
1.0000,T,1875
1.0000,G,1876
1.0000,A,1877
1.0000,C,1878
1.0000,A,1879
1.0000,C,1880
1.0000,A,1881
1.0000,A,1882
1.0000,C,1883
1.0000,A,1884
1.0000,A,1885
1.0000,A,1886
1.0000,T,1887
1.0000,C,1888
1.0000,A,1889
1.0000,G,1890
1.0000,A,1891
1.0000,A,1892
1.0000,G,1893
1.0000,A,1894
1.0000,C,1895
1.0000,T,1896
1.0000,G,1897
1.0000,A,1898
1.0000,G,1899
1.0000,T,1900
1.0000,T,1901
1.0000,A,1902
1.0000,C,1903
1.0000,A,1904
1.0000,A,1905
1.0000,G,1906
1.0000,C,1907
1.0000,A,1908
1.0000,A,1909
1.0000,T,1910
1.0000,T,1911
1.0000,C,1912
1.0000,A,1913
1.0000,T,1914
1.0000,C,1915
1.0000,T,1916
1.0000,A,1917
1.0000,G,1918
1.0000,C,1919
1.0000,T,1920
1.0000,T,1921
1.0000,T,1922
1.0000,G,1923
1.0000,C,1924
1.0000,A,1925
1.0000,G,1926
1.0000,G,1927
1.0000,A,1928
1.0000,T,1929
1.0000,T,1930
1.0000,C,1931
1.0000,G,1932
1.0000,G,1933
1.0000,G,1934
1.0000,A,1935
1.0000,T,1936
1.0000,T,1937
1.0000,A,1938
1.0000,G,1939
1.0000,A,1940
1.0000,A,1941
1.0000,G,1942
1.0000,T,1943
1.0000,A,1944
1.0000,A,1945
1.0000,A,1946
1.0000,C,1947
1.0000,A,1948
1.0000,T,1949
1.0000,A,1950
1.0000,G,1951
1.0000,T,1952
1.0000,A,1953
1.0000,A,1954
1.0000,C,1955
1.0000,A,1956
1.0000,G,1957
1.0000,A,1958
1.0000,C,1959
1.0000,T,1960
1.0000,C,1961
1.0000,A,1962
1.0000,C,1963
1.0000,A,1964
1.0000,A,1965
1.0000,T,1966
1.0000,A,1967
1.0000,T,1968
1.0000,G,1969
1.0000,C,1970
1.0000,A,1971
1.0000,T,1972
1.0000,T,1973
1.0000,A,1974
1.0000,G,1975
1.0000,G,1976
1.0000,A,1977
1.0000,A,1978
1.0000,T,1979
1.0000,C,1980
1.0000,A,1981
1.0000,T,1982
1.0000,T,1983
1.0000,C,1984
1.0000,A,1985
1.0000,A,1986
1.0000,G,1987
1.0000,C,1988
1.0000,A,1989
1.0000,C,1990
1.0000,A,1991
1.0000,A,1992
1.0000,C,1993
1.0000,C,1994
1.0000,A,1995
1.0000,G,1996
1.0000,A,1997
1.0000,T,1998
1.0000,A,1999
1.0000,A,2000
1.0000,A,2001
1.0000,A,2002
1.0000,G,2003
1.0000,T,2004
1.0000,G,2005
1.0000,A,2006
1.0000,A,2007
1.0000,T,2008
1.0000,C,2009
1.0000,A,2010
1.0000,G,2011
1.0000,A,2012
1.0000,G,2013
1.0000,T,2014
1.0000,T,2015
1.0000,A,2016
1.0000,G,2017
1.0000,T,2018
1.0000,C,2019
1.0000,A,2020
1.0000,G,2021
1.0000,T,2022
1.0000,C,2023
1.0000,A,2024
1.0000,A,2025
1.0000,A,2026
1.0000,T,2027
1.0000,A,2028
1.0000,A,2029
1.0000,T,2030
1.0000,A,2031
1.0000,G,2032
1.0000,A,2033
1.0000,G,2034
1.0000,C,2035
1.0000,A,2036
1.0000,G,2037
1.0000,T,2038
1.0000,T,2039
1.0000,A,2040
1.0000,A,2041
1.0000,T,2042
1.0000,A,2043
1.0000,A,2044
1.0000,A,2045
1.0000,A,2046
1.0000,A,2047
1.0000,A,2048
1.0000,G,2049
1.0000,G,2050
1.0000,A,2051
1.0000,A,2052
1.0000,A,2053
1.0000,A,2054
1.0000,G,2055
1.0000,G,2056
1.0000,T,2057
1.0000,C,2058
1.0000,T,2059
1.0000,A,2060
1.0000,C,2061
1.0000,C,2062
1.0000,T,2063
1.0000,G,2064
1.0000,G,2065
1.0000,C,2066
1.0000,A,2067
1.0000,T,2068
1.0000,G,2069
1.0000,G,2070
1.0000,G,2071
1.0000,T,2072
1.0000,A,2073
1.0000,C,2074
1.0000,C,2075
1.0000,A,2076
1.0000,G,2077
1.0000,C,2078
1.0000,A,2079
1.0000,C,2080
1.0000,A,2081
1.0000,C,2082
1.0000,A,2083
1.0000,A,2084
0.5482,A,2085
0.4518,G,2085
1.0000,G,2086
1.0000,G,2087
1.0000,A,2088
1.0000,A,2089
1.0000,T,2090
1.0000,T,2091
1.0000,G,2092
1.0000,G,2093
1.0000,A,2094
1.0000,G,2095
0.9757,G,2096
0.0243,A,2096
1.0000,A,2097
1.0000,A,2098
1.0000,A,2099
1.0000,T,2100
1.0000,G,2101
1.0000,A,2102
1.0000,A,2103
1.0000,C,2104
0.9825,A,2105
0.0175,G,2105
1.0000,A,2106
1.0000,G,2107
1.0000,T,2108
1.0000,A,2109
1.0000,G,2110
1.0000,A,2111
1.0000,T,2112
1.0000,A,2113
1.0000,A,2114
1.0000,A,2115
1.0000,T,2116
1.0000,T,2117
1.0000,A,2118
1.0000,G,2119
1.0000,T,2120
1.0000,C,2121
1.0000,A,2122
1.0000,G,2123
0.5783,C,2124
0.4217,T,2124
1.0000,T,2125
1.0000,C,2126
1.0000,T,2127
1.0000,G,2128
1.0000,G,2129
1.0000,A,2130
1.0000,A,2131
1.0000,T,2132
1.0000,C,2133
1.0000,A,2134
1.0000,G,2135
1.0000,G,2136
1.0000,A,2137
1.0000,A,2138
0.5316,G,2139
0.4684,A,2139
1.0000,G,2140
1.0000,T,2141
1.0000,A,2142
1.0000,C,2143
1.0000,T,2144
1.0000,A,2145
1.0000,T,2146
1.0000,T,2147
1.0000,T,2148
1.0000,T,2149
1.0000,T,2150
1.0000,A,2151
1.0000,G,2152
1.0000,A,2153
1.0000,T,2154
1.0000,G,2155
1.0000,G,2156
1.0000,A,2157
1.0000,A,2158
1.0000,T,2159
1.0000,A,2160
1.0000,G,2161
1.0000,A,2162
1.0000,T,2163
1.0000,A,2164
1.0000,A,2165
1.0000,G,2166
1.0000,G,2167
1.0000,C,2168
1.0000,T,2169
1.0000,C,2170
1.0000,A,2171
1.0000,A,2172
1.0000,G,2173
1.0000,A,2174
1.0000,A,2175
1.0000,G,2176
1.0000,A,2177
1.0000,T,2178
1.0000,C,2179
1.0000,A,2180
1.0000,T,2181
1.0000,G,2182
1.0000,A,2183
1.0000,G,2184
1.0000,A,2185
1.0000,A,2186
1.0000,A,2187
1.0000,T,2188
1.0000,A,2189
1.0000,T,2190
1.0000,C,2191
1.0000,A,2192
1.0000,C,2193
1.0000,A,2194
1.0000,G,2195
1.0000,T,2196
1.0000,A,2197
1.0000,A,2198
1.0000,T,2199
1.0000,T,2200
1.0000,G,2201
1.0000,G,2202
1.0000,A,2203
1.0000,G,2204
1.0000,A,2205
1.0000,G,2206
1.0000,C,2207
1.0000,A,2208
1.0000,A,2209
1.0000,T,2210
1.0000,G,2211
1.0000,G,2212
1.0000,C,2213
1.0000,T,2214
1.0000,A,2215
1.0000,G,2216
1.0000,T,2217
1.0000,G,2218
1.0000,A,2219
1.0000,T,2220
1.0000,T,2221
1.0000,T,2222
1.0000,T,2223
1.0000,A,2224
1.0000,A,2225
1.0000,C,2226
1.0000,A,2227
1.0000,T,2228
1.0000,A,2229
1.0000,C,2230
1.0000,C,2231
1.0000,A,2232
1.0000,C,2233
1.0000,C,2234
1.0000,T,2235
1.0000,G,2236
1.0000,T,2237
1.0000,G,2238
1.0000,G,2239
1.0000,T,2240
1.0000,A,2241
1.0000,G,2242
1.0000,C,2243
1.0000,A,2244
1.0000,A,2245
1.0000,A,2246
1.0000,A,2247
1.0000,G,2248
1.0000,A,2249
1.0000,A,2250
1.0000,A,2251
1.0000,T,2252
1.0000,A,2253
1.0000,A,2254
1.0000,T,2255
1.0000,A,2256
1.0000,G,2257
1.0000,C,2258
1.0000,C,2259
1.0000,A,2260
1.0000,G,2261
1.0000,C,2262
1.0000,T,2263
1.0000,G,2264
1.0000,T,2265
1.0000,G,2266
1.0000,A,2267
1.0000,T,2268
1.0000,A,2269
1.0000,A,2270
1.0000,A,2271
1.0000,T,2272
1.0000,G,2273
1.0000,T,2274
1.0000,C,2275
1.0000,A,2276
1.0000,G,2277
0.5734,T,2278
0.4266,C,2278
1.0000,T,2279
1.0000,A,2280
1.0000,A,2281
1.0000,A,2282
1.0000,A,2283
1.0000,G,2284
1.0000,G,2285
0.5602,T,2286
0.4398,A,2286
1.0000,G,2287
1.0000,A,2288
1.0000,A,2289
1.0000,G,2290
1.0000,C,2291
1.0000,C,2292
1.0000,A,2293
1.0000,T,2294
1.0000,A,2295
1.0000,C,2296
1.0000,A,2297
1.0000,T,2298
1.0000,G,2299
1.0000,G,2300
1.0000,A,2301
1.0000,C,2302
1.0000,A,2303
1.0000,G,2304
1.0000,G,2305
1.0000,T,2306
1.0000,A,2307
1.0000,G,2308
1.0000,A,2309
1.0000,C,2310
1.0000,T,2311
1.0000,G,2312
1.0000,T,2313
1.0000,A,2314
1.0000,G,2315
1.0000,T,2316
1.0000,C,2317
1.0000,C,2318
1.0000,A,2319
1.0000,G,2320
1.0000,G,2321
1.0000,A,2322
1.0000,A,2323
1.0000,T,2324
1.0000,A,2325
1.0000,T,2326
1.0000,G,2327
1.0000,G,2328
1.0000,C,2329
1.0000,A,2330
1.0000,G,2331
1.0000,C,2332
1.0000,T,2333
1.0000,A,2334
1.0000,G,2335
0.9096,A,2336
0.0904,G,2336
1.0000,T,2337
1.0000,T,2338
1.0000,G,2339
1.0000,T,2340
1.0000,A,2341
1.0000,C,2342
1.0000,A,2343
1.0000,C,2344
1.0000,A,2345
1.0000,T,2346
1.0000,T,2347
1.0000,T,2348
1.0000,A,2349
1.0000,G,2350
1.0000,A,2351
1.0000,A,2352
1.0000,G,2353
1.0000,G,2354
1.0000,A,2355
1.0000,A,2356
1.0000,A,2357
1.0000,A,2358
1.0000,A,2359
1.0000,T,2360
1.0000,T,2361
1.0000,A,2362
1.0000,T,2363
1.0000,T,2364
1.0000,C,2365
1.0000,T,2366
1.0000,G,2367
1.0000,G,2368
1.0000,T,2369
1.0000,A,2370
1.0000,G,2371
1.0000,C,2372
1.0000,A,2373
1.0000,G,2374
1.0000,T,2375
1.0000,T,2376
1.0000,C,2377
1.0000,A,2378
1.0000,T,2379
1.0000,G,2380
1.0000,T,2381
1.0000,A,2382
1.0000,G,2383
1.0000,C,2384
1.0000,C,2385
1.0000,A,2386
1.0000,G,2387
1.0000,T,2388
1.0000,G,2389
1.0000,G,2390
1.0000,A,2391
1.0000,T,2392
1.0000,A,2393
1.0000,C,2394
1.0000,A,2395
1.0000,T,2396
1.0000,A,2397
1.0000,G,2398
1.0000,A,2399
1.0000,A,2400
1.0000,G,2401
1.0000,C,2402
1.0000,A,2403
1.0000,G,2404
1.0000,A,2405
1.0000,A,2406
1.0000,G,2407
1.0000,T,2408
1.0000,T,2409
1.0000,A,2410
1.0000,T,2411
1.0000,T,2412
1.0000,C,2413
1.0000,C,2414
1.0000,A,2415
1.0000,G,2416
1.0000,C,2417
1.0000,A,2418
1.0000,G,2419
1.0000,A,2420
1.0000,G,2421
1.0000,A,2422
1.0000,C,2423
1.0000,A,2424
1.0000,G,2425
1.0000,G,2426
1.0000,A,2427
1.0000,C,2428
1.0000,A,2429
1.0000,G,2430
1.0000,G,2431
1.0000,A,2432
1.0000,A,2433
1.0000,A,2434
1.0000,C,2435
1.0000,A,2436
1.0000,G,2437
1.0000,C,2438
1.0000,A,2439
1.0000,T,2440
1.0000,A,2441
1.0000,C,2442
1.0000,T,2443
1.0000,T,2444
1.0000,T,2445
1.0000,A,2446
1.0000,T,2447
1.0000,C,2448
1.0000,T,2449
1.0000,T,2450
1.0000,A,2451
1.0000,A,2452
1.0000,A,2453
1.0000,A,2454
1.0000,T,2455
1.0000,T,2456
1.0000,A,2457
1.0000,G,2458
1.0000,C,2459
1.0000,A,2460
1.0000,G,2461
1.0000,G,2462
1.0000,A,2463
1.0000,A,2464
1.0000,G,2465
1.0000,A,2466
1.0000,T,2467
1.0000,G,2468
1.0000,G,2469
1.0000,C,2470
1.0000,C,2471
1.0000,A,2472
1.0000,G,2473
1.0000,T,2474
1.0000,A,2475
1.0000,A,2476
1.0000,A,2477
1.0000,A,2478
1.0000,A,2479
1.0000,C,2480
1.0000,A,2481
1.0000,A,2482
1.0000,T,2483
1.0000,A,2484
1.0000,C,2485
1.0000,A,2486
1.0000,T,2487
1.0000,A,2488
1.0000,C,2489
1.0000,A,2490
1.0000,G,2491
1.0000,A,2492
1.0000,C,2493
1.0000,A,2494
1.0000,A,2495
1.0000,T,2496
1.0000,G,2497
1.0000,G,2498
1.0000,C,2499
1.0000,A,2500
1.0000,G,2501
1.0000,C,2502
1.0000,A,2503
1.0000,A,2504
1.0000,T,2505
1.0000,T,2506
1.0000,T,2507
1.0000,C,2508
1.0000,A,2509
1.0000,C,2510
1.0000,C,2511
1.0000,A,2512
1.0000,G,2513
0.8017,C,2514
0.1983,T,2514
1.0000,A,2515
1.0000,C,2516
1.0000,T,2517
1.0000,A,2518
1.0000,C,2519
1.0000,G,2520
1.0000,G,2521
1.0000,T,2522
1.0000,C,2523
1.0000,A,2524
1.0000,A,2525
0.8380,G,2526
0.1620,A,2526
1.0000,G,2527
1.0000,C,2528
0.8282,T,2529
0.1718,C,2529
1.0000,G,2530
1.0000,C,2531
1.0000,C,2532
1.0000,T,2533
1.0000,G,2534
0.7933,T,2535
0.2067,C,2535
1.0000,T,2536
1.0000,G,2537
1.0000,G,2538
1.0000,T,2539
1.0000,G,2540
1.0000,G,2541
1.0000,G,2542
1.0000,C,2543
1.0000,A,2544
1.0000,G,2545
1.0000,G,2546
1.0000,G,2547
0.8079,A,2548
0.1921,G,2548
1.0000,T,2549
1.0000,C,2550
1.0000,A,2551
1.0000,A,2552
0.8124,A,2553
0.1876,G,2553
1.0000,C,2554
1.0000,A,2555
1.0000,A,2556
1.0000,G,2557
1.0000,A,2558
1.0000,A,2559
1.0000,T,2560
1.0000,T,2561
1.0000,T,2562
1.0000,G,2563
1.0000,G,2564
1.0000,T,2565
1.0000,A,2566
1.0000,T,2567
1.0000,T,2568
1.0000,C,2569
1.0000,C,2570
1.0000,C,2571
1.0000,T,2572
1.0000,A,2573
1.0000,C,2574
1.0000,A,2575
1.0000,A,2576
1.0000,T,2577
1.0000,C,2578
1.0000,C,2579
1.0000,C,2580
1.0000,C,2581
1.0000,A,2582
1.0000,A,2583
1.0000,A,2584
1.0000,G,2585
1.0000,T,2586
1.0000,C,2587
1.0000,A,2588
1.0000,A,2589
1.0000,G,2590
1.0000,G,2591
1.0000,A,2592
1.0000,G,2593
1.0000,T,2594
1.0000,A,2595
1.0000,G,2596
1.0000,T,2597
1.0000,A,2598
0.9596,G,2599
0.0404,A,2599
1.0000,A,2600
1.0000,A,2601
1.0000,T,2602
1.0000,C,2603
1.0000,C,2604
1.0000,A,2605
1.0000,T,2606
1.0000,G,2607
1.0000,A,2608
1.0000,A,2609
1.0000,T,2610
1.0000,A,2611
1.0000,A,2612
1.0000,A,2613
1.0000,G,2614
1.0000,A,2615
1.0000,G,2616
1.0000,T,2617
1.0000,T,2618
1.0000,A,2619
1.0000,A,2620
1.0000,A,2621
0.9636,G,2622
0.0365,A,2622
1.0000,A,2623
1.0000,A,2624
0.6371,A,2625
0.3629,G,2625
1.0000,A,2626
1.0000,T,2627
1.0000,T,2628
1.0000,A,2629
1.0000,T,2630
1.0000,A,2631
1.0000,G,2632
1.0000,G,2633
1.0000,A,2634
1.0000,C,2635
1.0000,A,2636
0.6278,G,2637
0.3722,A,2637
1.0000,G,2638
1.0000,T,2639
1.0000,A,2640
1.0000,A,2641
1.0000,G,2642
1.0000,A,2643
1.0000,G,2644
1.0000,A,2645
1.0000,T,2646
1.0000,C,2647
1.0000,A,2648
1.0000,G,2649
1.0000,G,2650
1.0000,C,2651
0.9840,T,2652
0.0160,C,2652
1.0000,G,2653
1.0000,A,2654
1.0000,A,2655
1.0000,C,2656
1.0000,A,2657
1.0000,T,2658
1.0000,C,2659
1.0000,T,2660
1.0000,T,2661
1.0000,A,2662
1.0000,A,2663
1.0000,G,2664
1.0000,A,2665
1.0000,C,2666
1.0000,A,2667
1.0000,G,2668
1.0000,C,2669
1.0000,A,2670
1.0000,G,2671
1.0000,T,2672
1.0000,A,2673
1.0000,C,2674
1.0000,A,2675
0.7850,A,2676
0.2150,G,2676
1.0000,A,2677
1.0000,T,2678
1.0000,G,2679
1.0000,G,2680
1.0000,C,2681
1.0000,A,2682
1.0000,G,2683
1.0000,T,2684
1.0000,A,2685
1.0000,T,2686
1.0000,T,2687
1.0000,C,2688
1.0000,A,2689
1.0000,T,2690
1.0000,C,2691
1.0000,C,2692
1.0000,A,2693
1.0000,C,2694
1.0000,A,2695
1.0000,A,2696
1.0000,T,2697
1.0000,T,2698
1.0000,T,2699
1.0000,T,2700
1.0000,A,2701
1.0000,A,2702
1.0000,A,2703
1.0000,A,2704
1.0000,G,2705
1.0000,A,2706
1.0000,A,2707
1.0000,A,2708
1.0000,A,2709
1.0000,G,2710
1.0000,G,2711
1.0000,G,2712
1.0000,G,2713
1.0000,G,2714
1.0000,G,2715
1.0000,A,2716
1.0000,T,2717
1.0000,T,2718
1.0000,G,2719
1.0000,G,2720
1.0000,G,2721
1.0000,G,2722
1.0000,G,2723
1.0000,A,2724
1.0000,T,2725
1.0000,A,2726
1.0000,C,2727
1.0000,A,2728
1.0000,G,2729
0.9685,T,2730
0.0315,A,2730
1.0000,G,2731
1.0000,C,2732
1.0000,A,2733
1.0000,G,2734
1.0000,G,2735
1.0000,G,2736
1.0000,G,2737
1.0000,A,2738
1.0000,A,2739
1.0000,A,2740
1.0000,G,2741
1.0000,A,2742
1.0000,A,2743
1.0000,T,2744
1.0000,A,2745
1.0000,G,2746
1.0000,T,2747
1.0000,A,2748
1.0000,G,2749
1.0000,A,2750
1.0000,C,2751
1.0000,A,2752
1.0000,T,2753
1.0000,A,2754
1.0000,A,2755
1.0000,T,2756
1.0000,A,2757
1.0000,G,2758
1.0000,C,2759
1.0000,A,2760
1.0000,A,2761
1.0000,C,2762
1.0000,A,2763
0.9512,G,2764
0.0488,A,2764
1.0000,A,2765
1.0000,T,2766
1.0000,A,2767
1.0000,T,2768
1.0000,A,2769
1.0000,C,2770
1.0000,A,2771
1.0000,A,2772
1.0000,A,2773
1.0000,C,2774
1.0000,T,2775
1.0000,A,2776
1.0000,A,2777
1.0000,A,2778
1.0000,G,2779
1.0000,A,2780
1.0000,A,2781
1.0000,T,2782
1.0000,T,2783
1.0000,A,2784
1.0000,C,2785
1.0000,A,2786
1.0000,A,2787
1.0000,A,2788
1.0000,A,2789
1.0000,A,2790
1.0000,C,2791
1.0000,A,2792
1.0000,A,2793
1.0000,A,2794
1.0000,T,2795
1.0000,T,2796
1.0000,T,2797
1.0000,C,2798
1.0000,A,2799
1.0000,A,2800
1.0000,A,2801
1.0000,A,2802
1.0000,C,2803
1.0000,T,2804
1.0000,T,2805
1.0000,C,2806
1.0000,A,2807
1.0000,A,2808
1.0000,A,2809
1.0000,A,2810
1.0000,T,2811
1.0000,T,2812
1.0000,T,2813
1.0000,T,2814
1.0000,C,2815
1.0000,G,2816
1.0000,G,2817
1.0000,G,2818
1.0000,T,2819
1.0000,T,2820
1.0000,T,2821
1.0000,A,2822
1.0000,T,2823
1.0000,T,2824
1.0000,A,2825
1.0000,C,2826
1.0000,A,2827
1.0000,G,2828
1.0000,G,2829
1.0000,G,2830
1.0000,A,2831
1.0000,C,2832
1.0000,A,2833
1.0000,G,2834
1.0000,C,2835
1.0000,A,2836
1.0000,G,2837
0.9824,A,2838
0.0176,G,2838
1.0000,G,2839
1.0000,A,2840
1.0000,G,2841
1.0000,C,2842
1.0000,C,2843
1.0000,A,2844
1.0000,C,2845
1.0000,T,2846
1.0000,T,2847
1.0000,T,2848
1.0000,G,2849
1.0000,G,2850
1.0000,A,2851
1.0000,A,2852
1.0000,A,2853
1.0000,G,2854
1.0000,G,2855
1.0000,A,2856
1.0000,C,2857
1.0000,C,2858
1.0000,A,2859
1.0000,G,2860
1.0000,C,2861
1.0000,A,2862
1.0000,A,2863
1.0000,A,2864
1.0000,A,2865
1.0000,C,2866
1.0000,T,2867
1.0000,T,2868
1.0000,C,2869
1.0000,T,2870
1.0000,C,2871
1.0000,T,2872
1.0000,G,2873
1.0000,G,2874
1.0000,A,2875
1.0000,A,2876
1.0000,A,2877
0.9747,G,2878
0.0253,A,2878
1.0000,G,2879
1.0000,T,2880
1.0000,G,2881
1.0000,A,2882
1.0000,A,2883
0.9619,G,2884
0.0381,T,2884
1.0000,G,2885
1.0000,G,2886
1.0000,G,2887
1.0000,C,2888
1.0000,A,2889
1.0000,G,2890
1.0000,T,2891
1.0000,A,2892
1.0000,G,2893
1.0000,T,2894
1.0000,C,2895
1.0000,A,2896
1.0000,T,2897
1.0000,A,2898
1.0000,C,2899
1.0000,A,2900
1.0000,A,2901
1.0000,G,2902
1.0000,A,2903
1.0000,T,2904
1.0000,A,2905
1.0000,A,2906
1.0000,T,2907
1.0000,A,2908
1.0000,G,2909
1.0000,T,2910
1.0000,G,2911
1.0000,A,2912
1.0000,A,2913
1.0000,A,2914
1.0000,T,2915
1.0000,A,2916
1.0000,A,2917
1.0000,A,2918
1.0000,A,2919
1.0000,G,2920
1.0000,T,2921
1.0000,A,2922
1.0000,G,2923
1.0000,T,2924
0.8136,A,2925
0.1864,G,2925
1.0000,C,2926
1.0000,C,2927
1.0000,A,2928
1.0000,A,2929
1.0000,G,2930
1.0000,A,2931
1.0000,A,2932
1.0000,G,2933
1.0000,A,2934
1.0000,A,2935
1.0000,A,2936
1.0000,A,2937
1.0000,G,2938
1.0000,C,2939
1.0000,A,2940
1.0000,A,2941
1.0000,A,2942
1.0000,G,2943
1.0000,A,2944
1.0000,T,2945
1.0000,C,2946
1.0000,A,2947
1.0000,T,2948
1.0000,T,2949
1.0000,A,2950
1.0000,G,2951
1.0000,G,2952
1.0000,G,2953
1.0000,A,2954
1.0000,T,2955
1.0000,T,2956
1.0000,A,2957
1.0000,T,2958
1.0000,G,2959
1.0000,G,2960
1.0000,A,2961
1.0000,A,2962
1.0000,A,2963
1.0000,A,2964
1.0000,C,2965
1.0000,A,2966
1.0000,G,2967
1.0000,A,2968
1.0000,T,2969
1.0000,G,2970
1.0000,G,2971
1.0000,C,2972
1.0000,A,2973
1.0000,G,2974
0.9787,G,2975
0.0213,A,2975
1.0000,T,2976
1.0000,G,2977
1.0000,A,2978
1.0000,T,2979
1.0000,G,2980
1.0000,A,2981
1.0000,T,2982
1.0000,T,2983
1.0000,G,2984
0.9780,T,2985
0.0220,C,2985
1.0000,G,2986
1.0000,T,2987
1.0000,G,2988
1.0000,G,2989
1.0000,C,2990
1.0000,A,2991
1.0000,G,2992
1.0000,G,2993
1.0000,T,2994
1.0000,A,2995
1.0000,G,2996
1.0000,A,2997
1.0000,C,2998
1.0000,A,2999
1.0000,G,3000
1.0000,G,3001
1.0000,A,3002
1.0000,T,3003
1.0000,G,3004
1.0000,A,3005
1.0000,G,3006
1.0000,G,3007
1.0000,A,3008
1.0000,T,3009
